price_id,price_family,supplier,product_name,price_inr,price_unit,thickness_mm,density_kg_m3,region,gst_note,source_url,source_checked_date,match_type,notes
PUF_001,PUF_INSULATED_PANEL,Isotherm Puf Panel Pvt Ltd,Polyurethane Foam Panel,1100,square_meter,50,,"Vadodara, Gujarat",Source page shows +0% GST,https://www.tradeindia.com/products/polyurethane-foam-panel-c9148521.html,2026-09-21,family_proxy,"Listing states thermal conductivity 0.020-0.025 W/mK; use as market price reference, not as the property source for the existing material row."
PUF_002,PUF_INSULATED_PANEL,Viraat Industries,Polyurethane Foam Insulated Panel,950,square_meter,30,40,"Bengaluru, Karnataka",,https://www.viraatpufpanel.com/sandwich-panel.html,2026-09-21,family_proxy,Listing states density 40±2 kg/m3 and thermal conductivity 0.027 W/mK.
PUF_003,PUF_INSULATED_PANEL,Santani Steel,PUF Insulated Panel,1450,square_meter,30-100,40-80,"Vadodara, Gujarat",Source page shows +0% GST,https://www.tradeindia.com/products/puff-insulated-panel-c7684054.html,2026-09-21,family_proxy,Roofing panel listing; price is approximate/current listing price.
PUF_004,PUF_INSULATED_PANEL,Indian Roofing Solutions,PUF Insulated Panels,100,square_foot,40-100,,"Ludhiana, Punjab",18% GST extra,https://www.indianroofingsolutions.in/puf-panel.html,2026-09-21,family_proxy,Minimum order quantity shown as 1000 sq ft.
EPS_001,EPS_INSULATION_BOARD,Siddhi Rubber India Private Limited,Expanded Polystyrene EPS Insulation Board,350,square_meter,25-1000,,"Noida, Uttar Pradesh",Source page shows +0% GST,https://www.tradeindia.com/products/expanded-polystyrene-eps-insulation-board-c7915478.html,2026-09-21,family_proxy,Industrial EPS board listing; MOQ shown as 200 m2.
EPS_002,EPS_INSULATION_BOARD,Shyam Rubber Udyog,Expanded Polystyrene EPS Insulation Board,250,square_meter,,,India,,https://www.shyamrubberudyog.com/,2026-09-21,family_proxy,Supplier catalogue price shown on website; exact thickness not provided in the surfaced listing.
EPS_003,EPS_INSULATION_BOARD,R K Tapes,EPS Insulation Board 0.036 W/mK,400,square_meter,100,,"Chennai, Tamil Nadu",,https://www.justdial.com/india/Eps-Board-Insulation,2026-09-21,family_proxy,Justdial listing states 100 mm and 0.036 W/mK.
EPS_004,EPS_INSULATION_BOARD,Sri Venkateswara Engineering Works,EPS Insulation Board 0.036 W/mK,350,square_meter,,,"Vellore, Tamil Nadu",,https://www.justdial.com/india/Eps-Board-Insulation,2026-09-21,family_proxy,Justdial listing states thermal conductivity 0.036 W/mK.
ROCK_001,ROCKWOOL_SLAB,R.P. Insulation,Rockwool RB Slab,175,square_meter,25-200,40-200,"Raigad, Maharashtra",,https://www.rpinsulations.com/rockwool-rb-slab.html,2026-09-21,family_proxy,Listing gives 48 kg/m3 thermal conductivity <0.036 W/mK and 64 kg/m3 <0.035 W/mK.
ROCK_002,ROCKWOOL_SLAB,Natraj Insulation,Rockwool Resin Bonded Slab,395,square_meter,,200,"Vadodara, Gujarat",,https://www.tradeindia.com/manufacturers/rockwool-slab.html,2026-09-21,family_proxy,Listing states thermal conductivity 0.036-0.040 W/mK.
ROCK_003,ROCKWOOL_SLAB,Mechtrace,Rockwool India Rockinsul 96 kg/cum RB Slab,1395,piece,50,96,India,,https://www.mechtrace.com/shop/rockinsul96-rockwool-india-rockinsul-96-kg-cum-rb-slab-1239,2026-09-21,family_proxy,Piece dimensions shown as 1000 x 600 x 50 mm; page also shows a struck/list price of INR 1550.
ROCK_004,ROCKWOOL_SLAB,A M Industries,Rockwool RB Slab,16,square_foot,50,48,"Mumbai, Maharashtra",,https://www.am-industries.net/insulating-slab-pipe-sections.html,2026-09-21,family_proxy,Listing dimensions 1.2 m x 0.6 m; density 48 kg/m3.
AERO_001,AEROGEL_BLANKET,RS Components & Controls (I) Ltd,RS PRO Aerogel Microporous Blanket 1m x 700mm x 10mm,50943.15,piece,10,180,India,"INR 50,943.15 each excluding GST; INR 60,112.92 each including GST",https://in.rsdelivers.com/product/rs-pro/rs-pro-flame-retardant-aerogel-miroporous-blanket/1034078,2026-09-21,family_proxy,Imported RS PRO aerogel blanket; not an Aspen product. Use only as aerogel-family market proxy until an exact Aspen India price is sourced.
